PRAGMA foreign_keys=OFF;
BEGIN TRANSACTION;
CREATE TABLE IF NOT EXISTS "django_migrations" ("id" integer NOT NULL PRIMARY KEY AUTOINCREMENT, "app" varchar(255) NOT NULL, "name" varchar(255) NOT NULL, "applied" datetime NOT NULL);
INSERT INTO django_migrations VALUES(1,'contenttypes','0001_initial','2025-04-08 10:17:10.782179');
INSERT INTO django_migrations VALUES(2,'auth','0001_initial','2025-04-08 10:17:10.834055');
INSERT INTO django_migrations VALUES(3,'admin','0001_initial','2025-04-08 10:17:10.884016');
INSERT INTO django_migrations VALUES(4,'admin','0002_logentry_remove_auto_add','2025-04-08 10:17:10.919120');
INSERT INTO django_migrations VALUES(5,'admin','0003_logentry_add_action_flag_choices','2025-04-08 10:17:10.945900');
INSERT INTO django_migrations VALUES(7,'contenttypes','0002_remove_content_type_name','2025-04-08 10:17:11.076005');
INSERT INTO django_migrations VALUES(8,'auth','0002_alter_permission_name_max_length','2025-04-08 10:17:11.109101');
INSERT INTO django_migrations VALUES(9,'auth','0003_alter_user_email_max_length','2025-04-08 10:17:11.139495');
INSERT INTO django_migrations VALUES(10,'auth','0004_alter_user_username_opts','2025-04-08 10:17:11.167309');
INSERT INTO django_migrations VALUES(11,'auth','0005_alter_user_last_login_null','2025-04-08 10:17:11.201344');
INSERT INTO django_migrations VALUES(12,'auth','0006_require_contenttypes_0002','2025-04-08 10:17:11.225465');
INSERT INTO django_migrations VALUES(13,'auth','0007_alter_validators_add_error_messages','2025-04-08 10:17:11.255192');
INSERT INTO django_migrations VALUES(14,'auth','0008_alter_user_username_max_length','2025-04-08 10:17:11.288576');
INSERT INTO django_migrations VALUES(15,'auth','0009_alter_user_last_name_max_length','2025-04-08 10:17:11.321300');
INSERT INTO django_migrations VALUES(16,'auth','0010_alter_group_name_max_length','2025-04-08 10:17:11.366285');
INSERT INTO django_migrations VALUES(17,'auth','0011_update_proxy_permissions','2025-04-08 10:17:11.393114');
INSERT INTO django_migrations VALUES(18,'auth','0012_alter_user_first_name_max_length','2025-04-08 10:17:11.418920');
INSERT INTO django_migrations VALUES(19,'sessions','0001_initial','2025-04-08 10:17:11.461752');
INSERT INTO django_migrations VALUES(20,'authtoken','0001_initial','2025-04-10 18:17:42.838947');
INSERT INTO django_migrations VALUES(21,'authtoken','0002_auto_20160226_1747','2025-04-10 18:17:42.888404');
INSERT INTO django_migrations VALUES(22,'authtoken','0003_tokenproxy','2025-04-10 18:17:42.904791');
INSERT INTO django_migrations VALUES(23,'api','0002_wishlist_cart','2025-04-13 14:21:24.488568');
INSERT INTO django_migrations VALUES(24,'api','0003_alter_cart_unique_together','2025-04-16 16:56:16.401852');
INSERT INTO django_migrations VALUES(25,'api','0004_alter_cart_unique_together_cart_size_and_more','2025-04-17 08:16:10.716749');
INSERT INTO django_migrations VALUES(26,'authtoken','0004_alter_tokenproxy_options','2025-04-24 18:11:17.667627');
CREATE TABLE IF NOT EXISTS "auth_group_permissions" ("id" integer NOT NULL PRIMARY KEY AUTOINCREMENT, "group_id" integer NOT NULL REFERENCES "auth_group" ("id") DEFERRABLE INITIALLY DEFERRED, "permission_id" integer NOT NULL REFERENCES "auth_permission" ("id") DEFERRABLE INITIALLY DEFERRED);
CREATE TABLE IF NOT EXISTS "auth_user_groups" ("id" integer NOT NULL PRIMARY KEY AUTOINCREMENT, "user_id" integer NOT NULL REFERENCES "auth_user" ("id") DEFERRABLE INITIALLY DEFERRED, "group_id" integer NOT NULL REFERENCES "auth_group" ("id") DEFERRABLE INITIALLY DEFERRED);
CREATE TABLE IF NOT EXISTS "auth_user_user_permissions" ("id" integer NOT NULL PRIMARY KEY AUTOINCREMENT, "user_id" integer NOT NULL REFERENCES "auth_user" ("id") DEFERRABLE INITIALLY DEFERRED, "permission_id" integer NOT NULL REFERENCES "auth_permission" ("id") DEFERRABLE INITIALLY DEFERRED);
CREATE TABLE IF NOT EXISTS "django_admin_log" ("id" integer NOT NULL PRIMARY KEY AUTOINCREMENT, "object_id" text NULL, "object_repr" varchar(200) NOT NULL, "action_flag" smallint unsigned NOT NULL CHECK ("action_flag" >= 0), "change_message" text NOT NULL, "content_type_id" integer NULL REFERENCES "django_content_type" ("id") DEFERRABLE INITIALLY DEFERRED, "user_id" integer NOT NULL REFERENCES "auth_user" ("id") DEFERRABLE INITIALLY DEFERRED, "action_time" datetime NOT NULL);
INSERT INTO django_admin_log VALUES(1,'1','Kids wear',1,'[{"added": {}}]',7,1,'2025-04-08 10:26:48.714203');
INSERT INTO django_admin_log VALUES(2,'2','Men''s wear',1,'[{"added": {}}]',7,1,'2025-04-08 10:27:48.924844');
INSERT INTO django_admin_log VALUES(3,'3','Women''s wear',1,'[{"added": {}}]',7,1,'2025-04-08 10:42:47.671121');
INSERT INTO django_admin_log VALUES(4,'1','Jackets',1,'[{"added": {}}]',10,1,'2025-04-08 10:52:31.064625');
INSERT INTO django_admin_log VALUES(5,'2','Leggings',1,'[{"added": {}}]',10,1,'2025-04-08 10:53:02.204120');
INSERT INTO django_admin_log VALUES(6,'3','Jordans',1,'[{"added": {}}]',10,1,'2025-04-08 10:57:39.873777');
INSERT INTO django_admin_log VALUES(7,'1','Air Jordan 1 Mid',1,'[{"added": {}}, {"added": {"name": "product variant", "object": "Air Jordan 1 Mid - Blue and White - 109.99"}}, {"added": {"name": "product variant", "object": "Air Jordan 1 Mid - Brown and white - 109.99"}}]',8,1,'2025-04-08 10:59:18.240609');
INSERT INTO django_admin_log VALUES(8,'2','Air Jordan 1 Mid - Brown and white - 109.99',2,'[{"added": {"name": "product image", "object": "Image principale de Air Jordan 1 Mid (brown and white)"}}, {"added": {"name": "product image", "object": "Image de Air Jordan 1 Mid (brown and white)"}}, {"added": {"name": "product image", "object": "Image de Air Jordan 1 Mid (brown and white)"}}, {"added": {"name": "product image", "object": "Image de Air Jordan 1 Mid (brown and white)"}}, {"added": {"name": "product image", "object": "Image de Air Jordan 1 Mid (brown and white)"}}, {"added": {"name": "product image", "object": "Image de Air Jordan 1 Mid (brown and white)"}}, {"added": {"name": "product variant size", "object": "Air Jordan 1 Mid - EU 35.5"}}, {"added": {"name": "product variant size", "object": "Air Jordan 1 Mid - EU 36"}}, {"added": {"name": "product variant size", "object": "Air Jordan 1 Mid - EU 37"}}, {"added": {"name": "product variant size", "object": "Air Jordan 1 Mid - EU 38"}}, {"added": {"name": "product variant size", "object": "Air Jordan 1 Mid - EU 39"}}, {"added": {"name": "product variant size", "object": "Air Jordan 1 Mid - EU 40"}}]',9,1,'2025-04-08 11:11:21.195740');
INSERT INTO django_admin_log VALUES(9,'1','Air Jordan 1 Mid - Blue and White - 109.99',2,'[{"added": {"name": "product image", "object": "Image principale de Air Jordan 1 Mid (blue and white)"}}, {"added": {"name": "product image", "object": "Image de Air Jordan 1 Mid (blue and white)"}}, {"added": {"name": "product image", "object": "Image de Air Jordan 1 Mid (blue and white)"}}, {"added": {"name": "product image", "object": "Image de Air Jordan 1 Mid (blue and white)"}}, {"added": {"name": "product image", "object": "Image de Air Jordan 1 Mid (blue and white)"}}, {"added": {"name": "product variant size", "object": "Air Jordan 1 Mid - EU 35.5"}}, {"added": {"name": "product variant size", "object": "Air Jordan 1 Mid - EU 36"}}, {"added": {"name": "product variant size", "object": "Air Jordan 1 Mid - EU 37"}}, {"added": {"name": "product variant size", "object": "Air Jordan 1 Mid - EU 38"}}, {"added": {"name": "product variant size", "object": "Air Jordan 1 Mid - EU 39"}}, {"added": {"name": "product variant size", "object": "Air Jordan 1 Mid - EU 40"}}]',9,1,'2025-04-08 11:26:17.347613');
INSERT INTO django_admin_log VALUES(10,'2','Air Jordan 1 Mid - Brown and white - 109.99',2,'[{"deleted": {"name": "product image", "object": "Image de Air Jordan 1 Mid (brown and white)"}}]',9,1,'2025-04-08 11:31:05.092205');
INSERT INTO django_admin_log VALUES(11,'2','Air Jordan 1 Mid - Brown and white - 109.99',2,'[]',9,1,'2025-04-08 11:31:18.059275');
INSERT INTO django_admin_log VALUES(12,'2','Air Jordan 1 Mid - EU 36.5',2,'[{"changed": {"fields": ["Size"]}}]',12,1,'2025-04-08 11:40:00.488871');
INSERT INTO django_admin_log VALUES(13,'4','Sweater',1,'[{"added": {}}]',10,1,'2025-04-08 11:50:45.679308');
INSERT INTO django_admin_log VALUES(14,'2','Nike Solo Swoosh',1,'[{"added": {}}, {"added": {"name": "product variant", "object": "Nike Solo Swoosh - Sky blue - 109.99"}}, {"added": {"name": "product variant", "object": "Nike Solo Swoosh - Yellow - 109.99"}}, {"added": {"name": "product variant", "object": "Nike Solo Swoosh - Black - 109.99"}}, {"added": {"name": "product variant", "object": "Nike Solo Swoosh - gray - 109.99"}}]',8,1,'2025-04-08 11:52:27.973936');
INSERT INTO django_admin_log VALUES(15,'3','Nike Solo Swoosh - Sky blue - 109.99',2,'[{"added": {"name": "product image", "object": "Image principale de Nike Solo Swoosh (Sky blue)"}}, {"added": {"name": "product image", "object": "Image de Nike Solo Swoosh (Sky blue)"}}, {"added": {"name": "product image", "object": "Image de Nike Solo Swoosh (Sky blue)"}}, {"added": {"name": "product image", "object": "Image de Nike Solo Swoosh (Sky blue)"}}, {"added": {"name": "product image", "object": "Image de Nike Solo Swoosh (Sky blue)"}}, {"added": {"name": "product variant size", "object": "Nike Solo Swoosh - XS"}}, {"added": {"name": "product variant size", "object": "Nike Solo Swoosh - S"}}, {"added": {"name": "product variant size", "object": "Nike Solo Swoosh - M"}}, {"added": {"name": "product variant size", "object": "Nike Solo Swoosh - L"}}, {"added": {"name": "product variant size", "object": "Nike Solo Swoosh - XL"}}, {"added": {"name": "product variant size", "object": "Nike Solo Swoosh - XXL"}}]',9,1,'2025-04-08 11:54:44.326466');
INSERT INTO django_admin_log VALUES(16,'6','Nike Solo Swoosh - gray - 109.99',2,'[{"added": {"name": "product image", "object": "Image principale de Nike Solo Swoosh (gray)"}}, {"added": {"name": "product image", "object": "Image de Nike Solo Swoosh (gray)"}}, {"added": {"name": "product image", "object": "Image de Nike Solo Swoosh (gray)"}}, {"added": {"name": "product image", "object": "Image de Nike Solo Swoosh (gray)"}}, {"added": {"name": "product image", "object": "Image de Nike Solo Swoosh (gray)"}}, {"added": {"name": "product variant size", "object": "Nike Solo Swoosh - XS"}}, {"added": {"name": "product variant size", "object": "Nike Solo Swoosh - S"}}, {"added": {"name": "product variant size", "object": "Nike Solo Swoosh - M"}}, {"added": {"name": "product variant size", "object": "Nike Solo Swoosh - L"}}, {"added": {"name": "product variant size", "object": "Nike Solo Swoosh - XL"}}, {"added": {"name": "product variant size", "object": "Nike Solo Swoosh - XXL"}}, {"added": {"name": "product variant size", "object": "Nike Solo Swoosh - 3XL"}}, {"added": {"name": "product variant size", "object": "Nike Solo Swoosh - 4XL"}}]',9,1,'2025-04-08 12:12:47.918417');
INSERT INTO django_admin_log VALUES(17,'4','Nike Solo Swoosh - Yellow - 109.99',2,'[{"added": {"name": "product image", "object": "Image principale de Nike Solo Swoosh (Yellow)"}}, {"added": {"name": "product image", "object": "Image de Nike Solo Swoosh (yellow)"}}, {"added": {"name": "product image", "object": "Image de Nike Solo Swoosh (yellow)"}}, {"added": {"name": "product image", "object": "Image de Nike Solo Swoosh (yellow)"}}, {"added": {"name": "product image", "object": "Image de Nike Solo Swoosh (yellow)"}}, {"added": {"name": "product variant size", "object": "Nike Solo Swoosh - XS"}}, {"added": {"name": "product variant size", "object": "Nike Solo Swoosh - S"}}, {"added": {"name": "product variant size", "object": "Nike Solo Swoosh - M"}}, {"added": {"name": "product variant size", "object": "Nike Solo Swoosh - L"}}, {"added": {"name": "product variant size", "object": "Nike Solo Swoosh - XL"}}, {"added": {"name": "product variant size", "object": "Nike Solo Swoosh - XXL"}}, {"added": {"name": "product variant size", "object": "Nike Solo Swoosh - 3XL"}}, {"added": {"name": "product variant size", "object": "Nike Solo Swoosh - 4XL"}}]',9,1,'2025-04-08 12:16:11.011659');
INSERT INTO django_admin_log VALUES(18,'5','Nike Solo Swoosh - Black - 109.99',2,'[{"added": {"name": "product image", "object": "Image principale de Nike Solo Swoosh (black)"}}, {"added": {"name": "product image", "object": "Image de Nike Solo Swoosh (black)"}}, {"added": {"name": "product image", "object": "Image de Nike Solo Swoosh (black)"}}, {"added": {"name": "product image", "object": "Image de Nike Solo Swoosh (black)"}}, {"added": {"name": "product image", "object": "Image de Nike Solo Swoosh (black)"}}, {"added": {"name": "product variant size", "object": "Nike Solo Swoosh - XS"}}, {"added": {"name": "product variant size", "object": "Nike Solo Swoosh - S"}}, {"added": {"name": "product variant size", "object": "Nike Solo Swoosh - M"}}, {"added": {"name": "product variant size", "object": "Nike Solo Swoosh - L"}}, {"added": {"name": "product variant size", "object": "Nike Solo Swoosh - XL"}}, {"added": {"name": "product variant size", "object": "Nike Solo Swoosh - XXL"}}, {"added": {"name": "product variant size", "object": "Nike Solo Swoosh - 3XL"}}, {"added": {"name": "product variant size", "object": "Nike Solo Swoosh - 4XL"}}]',9,1,'2025-04-08 12:18:40.611058');
INSERT INTO django_admin_log VALUES(19,'5','Women''s sport  kits',1,'[{"added": {}}]',10,1,'2025-04-08 12:40:21.214522');
INSERT INTO django_admin_log VALUES(20,'3','Nike Swift',1,'[{"added": {}}, {"added": {"name": "product variant", "object": "Nike Swift - pink - 59.99"}}, {"added": {"name": "product variant", "object": "Nike Swift - beige - 59.99"}}]',8,1,'2025-04-08 12:41:18.045878');
INSERT INTO django_admin_log VALUES(21,'7','Nike Swift - pink - 59.99',2,'[{"added": {"name": "product image", "object": "Image principale de Nike Swift (pink)"}}, {"added": {"name": "product image", "object": "Image de Nike Swift (pink)"}}, {"added": {"name": "product image", "object": "Image de Nike Swift (pink)"}}, {"added": {"name": "product image", "object": "Image de Nike Swift (pink)"}}, {"added": {"name": "product image", "object": "Image de Nike Swift (pink)"}}, {"added": {"name": "product variant size", "object": "Nike Swift - XS"}}, {"added": {"name": "product variant size", "object": "Nike Swift - S"}}, {"added": {"name": "product variant size", "object": "Nike Swift - M"}}, {"added": {"name": "product variant size", "object": "Nike Swift - L"}}, {"added": {"name": "product variant size", "object": "Nike Swift - XL"}}]',9,1,'2025-04-08 12:44:24.487968');
INSERT INTO django_admin_log VALUES(22,'8','Nike Swift - beige - 59.99',2,'[{"added": {"name": "product image", "object": "Image principale de Nike Swift (beige)"}}, {"added": {"name": "product image", "object": "Image de Nike Swift (beige)"}}, {"added": {"name": "product image", "object": "Image de Nike Swift (beige)"}}, {"added": {"name": "product image", "object": "Image de Nike Swift (beige)"}}, {"added": {"name": "product image", "object": "Image de Nike Swift (beige)"}}, {"added": {"name": "product variant size", "object": "Nike Swift - XS"}}, {"added": {"name": "product variant size", "object": "Nike Swift - S"}}, {"added": {"name": "product variant size", "object": "Nike Swift - M"}}, {"added": {"name": "product variant size", "object": "Nike Swift - L"}}, {"added": {"name": "product variant size", "object": "Nike Swift - XL"}}]',9,1,'2025-04-08 12:46:42.054413');
INSERT INTO django_admin_log VALUES(23,'1','Air Jordan 1 Mid - 5★ by admin',2,'[{"changed": {"fields": ["Comment"]}}]',11,1,'2025-04-11 13:12:19.044955');
INSERT INTO django_admin_log VALUES(24,'2','Air Jordan 1 Mid - 1★ by admin',1,'[{"added": {}}]',11,1,'2025-04-11 13:12:45.058971');
INSERT INTO django_admin_log VALUES(25,'1','Panier de admin - Nike Solo Swoosh (10)',1,'[{"added": {}}]',17,1,'2025-04-13 14:30:12.126243');
INSERT INTO django_admin_log VALUES(26,'1','Panier de admin - Nike Solo Swoosh (1)',2,'[{"changed": {"fields": ["Quantity"]}}]',17,1,'2025-04-13 14:30:25.815903');
INSERT INTO django_admin_log VALUES(27,'1','Panier de admin - Nike Solo Swoosh (1)',2,'[]',17,1,'2025-04-15 13:40:50.127619');
INSERT INTO django_admin_log VALUES(28,'2','Panier de admin - Air Jordan 1 Mid (1)',1,'[{"added": {}}]',17,1,'2025-04-15 14:08:16.658839');
INSERT INTO django_admin_log VALUES(29,'3','Panier de admin - Nike Solo Swoosh (3)',1,'[{"added": {}}]',17,1,'2025-04-16 16:28:47.317195');
INSERT INTO django_admin_log VALUES(30,'4','Panier de admin - Nike Solo Swoosh (2)',1,'[{"added": {}}]',17,1,'2025-04-16 16:29:00.100067');
INSERT INTO django_admin_log VALUES(31,'3','Panier de admin - Nike Solo Swoosh (3)',3,'',17,1,'2025-04-16 16:55:42.520957');
INSERT INTO django_admin_log VALUES(32,'5','Panier de admin - Nike Swift (1)',1,'[{"added": {}}]',17,1,'2025-04-16 16:56:34.710708');
INSERT INTO django_admin_log VALUES(33,'6','Panier de admin - Nike Swift (-9)',1,'[{"added": {}}]',17,1,'2025-04-16 17:47:09.436255');
INSERT INTO django_admin_log VALUES(34,'7','Panier de admin - Nike Solo Swoosh (2)',1,'[{"added": {}}]',17,1,'2025-04-16 17:47:39.752832');
INSERT INTO django_admin_log VALUES(35,'6','Panier de admin - Nike Swift (8)',2,'[{"changed": {"fields": ["Quantity"]}}]',17,1,'2025-04-16 17:49:45.612925');
INSERT INTO django_admin_log VALUES(36,'8','Panier de admin - Nike Solo Swoosh (3)',1,'[{"added": {}}]',17,1,'2025-04-16 17:51:12.913059');
INSERT INTO django_admin_log VALUES(37,'9','Panier de admin - Nike Solo Swoosh (2)',1,'[{"added": {}}]',17,1,'2025-04-16 17:53:06.369874');
INSERT INTO django_admin_log VALUES(38,'10','Panier de admin - Nike Solo Swoosh (1)',1,'[{"added": {}}]',17,1,'2025-04-16 17:54:20.900430');
INSERT INTO django_admin_log VALUES(39,'11','Panier de admin - Nike Solo Swoosh (2)',1,'[{"added": {}}]',17,1,'2025-04-16 18:26:04.222507');
INSERT INTO django_admin_log VALUES(40,'12','Panier de admin - Nike Solo Swoosh (3)',1,'[{"added": {}}]',17,1,'2025-04-16 18:26:18.009982');
INSERT INTO django_admin_log VALUES(41,'13','Panier de admin - Nike Solo Swoosh (3)',1,'[{"added": {}}]',17,1,'2025-04-16 18:45:33.971735');
INSERT INTO django_admin_log VALUES(42,'14','Panier de admin - Nike Swift (2)',1,'[{"added": {}}]',17,1,'2025-04-16 18:45:49.131112');
INSERT INTO django_admin_log VALUES(43,'14','Panier de admin - Nike Swift - (2)',3,'',17,1,'2025-04-17 09:20:33.104695');
INSERT INTO django_admin_log VALUES(44,'13','Panier de admin - Nike Solo Swoosh - (3)',3,'',17,1,'2025-04-17 09:20:33.128619');
INSERT INTO django_admin_log VALUES(45,'15','Panier de admin - Air Jordan 1 Mid - (3)',1,'[{"added": {}}]',17,1,'2025-04-17 14:03:28.494914');
INSERT INTO django_admin_log VALUES(46,'15','Panier de admin - Air Jordan 1 Mid - (3)',2,'[{"changed": {"fields": ["Size"]}}]',17,1,'2025-04-17 14:03:47.256503');
INSERT INTO django_admin_log VALUES(47,'16','Panier de admin - Nike Swift - (2)',1,'[{"added": {}}]',17,1,'2025-04-17 14:04:09.381928');
INSERT INTO django_admin_log VALUES(48,'16','Panier de admin - Nike Swift - (2)',2,'[{"changed": {"fields": ["Size"]}}]',17,1,'2025-04-17 14:04:17.609964');
INSERT INTO django_admin_log VALUES(49,'2','francel',1,'[{"added": {}}]',4,1,'2025-04-26 12:55:33.035967');
INSERT INTO django_admin_log VALUES(50,'2','francel',2,'[{"changed": {"fields": ["First name", "Last name", "Email address", "User permissions", "Last login"]}}]',4,1,'2025-04-26 12:57:00.475443');
INSERT INTO django_admin_log VALUES(51,'2','francel',3,'',4,1,'2025-04-26 12:59:06.477618');
INSERT INTO django_admin_log VALUES(52,'1','admin',2,'[{"changed": {"fields": ["First name", "Last name", "Email address"]}}]',4,1,'2025-04-26 13:20:09.699029');
CREATE TABLE IF NOT EXISTS "api_category" ("id" integer NOT NULL PRIMARY KEY AUTOINCREMENT, "title" varchar(255) NOT NULL, "img" varchar(100) NOT NULL, "short_desc" text NULL, "long_desc" text NULL);
INSERT INTO api_category VALUES(1,'Kids wear','categories/121-1218913_transparent-happy-kids-png-kids-wear-png-png.png','Shop our delightful collection of clothing for kids of all ages.','Dress Your Little Stars in Style with Our Kids Wear. Discover a world of fun and fashionable clothing for children of all ages. From trendy outfits that let their personalities shine to adorable basics for everyday wear, our collection offers a variety of styles to suit every taste. Explore playful prints, vibrant colors, and comfortable fits that will make getting dressed an enjoyable experience for everyone.');
INSERT INTO api_category VALUES(2,'Men''s wear','categories/mens_wear.png','Shop our collection of essential men''s clothing.','Quality Men''s Wear for Every Budget. Invest in timeless style and lasting quality with our collection of men''s wear. We believe that looking good shouldn''t break the bank, which is why we offer a range of clothing crafted from durable materials with attention to detail. Explore our selection of comfortable basics, reliable workwear, and stylish weekend wear, all designed to provide both exceptional value and enduring style. Build a versatile wardrobe with pieces you can rely on for years to come.');
INSERT INTO api_category VALUES(3,'Women''s wear','categories/womens_wear.png','Discover your next favorite outfit in our women''s wear selection','Experience Quality and Comfort in Our Women''s Wear. We believe that looking good should also feel good. Our women''s wear collection features pieces crafted from high-quality fabrics with attention to detail, ensuring both style and comfort. Explore soft knits, breathable blouses, perfectly draped dresses, and well-fitting pants designed to move with you throughout your day. Invest in pieces that will not only enhance your wardrobe but also provide lasting comfort and confidence.');
CREATE TABLE IF NOT EXISTS "api_product" ("id" integer NOT NULL PRIMARY KEY AUTOINCREMENT, "title" varchar(255) NOT NULL, "short_desc" text NULL, "long_desc" text NULL, "gender" varchar(50) NOT NULL, "category_id" bigint NOT NULL REFERENCES "api_category" ("id") DEFERRABLE INITIALLY DEFERRED, "subCategory_id" bigint NULL REFERENCES "api_subcategory" ("id") DEFERRABLE INITIALLY DEFERRED);
INSERT INTO api_product VALUES(1,'Air Jordan 1 Mid','Chaussure pour ado',replace(replace('Cette version revisitée de la AJ1 réinvente le premier modèle signature de Michael Jordan avec une toute nouvelle combinaison de couleurs. Fabriquée en matières premium, elle intègre un amorti souple et un col rembourré au niveau de la cheville pour un maintien sans faille qui rend hommage à la chaussure à l''origine du mythe.\r\n\r\n\r\nCouleur affichée : Blanc/Neutral Grey/Gum Medium Brown/Midnight Navy\r\nArticle : DQ8423-146','\r',char(13)),'\n',char(10)),'b',1,3);
INSERT INTO api_product VALUES(2,'Nike Solo Swoosh','Men''s Fleece Hoodie',replace(replace('This brushed Fleece hoodie is warm and roomy for total comfort and casual style. Thick, structured Fleece, smooth on the outside and fluffy on the inside, creates a cozy effect.\r\n\r\n\r\nColor shown: Glacier Blue\r\nArticle number: HQ4181-474','\r',char(13)),'\n',char(10)),'m',2,4);
INSERT INTO api_product VALUES(3,'Nike Swift','Women''s Dri-FIT 2-in-1 Mid-Rise 8cm Running Shorts',replace(replace('We listened to feedback from running fans like you to update our Swift essentials with even more functionality. These lightweight, sweat-wicking shorts feature two layers of fabric: a fitted inner layer and a loose outer layer. The perfect combination of comfort and protection. We added plenty of pockets so you can focus on your pace, and nothing else.\r\n\r\nColor Shown: Atmosphere\r\nItem: HJ5376-607','\r',char(13)),'\n',char(10)),'f',3,5);
CREATE TABLE IF NOT EXISTS "api_productvariant" ("id" integer NOT NULL PRIMARY KEY AUTOINCREMENT, "color" varchar(50) NOT NULL, "price" decimal NOT NULL, "stock" integer NOT NULL, "discount" integer NOT NULL, "product_id" bigint NOT NULL REFERENCES "api_product" ("id") DEFERRABLE INITIALLY DEFERRED);
INSERT INTO api_productvariant VALUES(1,'Blue and White',109.9899999999999949,20,0,1);
INSERT INTO api_productvariant VALUES(2,'Brown and white',109.9899999999999949,18,0,1);
INSERT INTO api_productvariant VALUES(3,'Sky blue',109.9899999999999949,21,10,2);
INSERT INTO api_productvariant VALUES(4,'Yellow',109.9899999999999949,10,15,2);
INSERT INTO api_productvariant VALUES(5,'Black',109.9899999999999949,10,0,2);
INSERT INTO api_productvariant VALUES(6,'gray',109.9899999999999949,30,30,2);
INSERT INTO api_productvariant VALUES(7,'pink',59.99000000000000198,50,0,3);
INSERT INTO api_productvariant VALUES(8,'beige',59.99000000000000198,100,10,3);
CREATE TABLE IF NOT EXISTS "api_subcategory" ("id" integer NOT NULL PRIMARY KEY AUTOINCREMENT, "title" varchar(255) NOT NULL, "short_desc" text NULL, "long_desc" text NULL, "category_id" bigint NOT NULL REFERENCES "api_category" ("id") DEFERRABLE INITIALLY DEFERRED);
INSERT INTO api_subcategory VALUES(1,'Jackets','Your favorite jackets','',1);
INSERT INTO api_subcategory VALUES(2,'Leggings','The simplest comfort','',1);
INSERT INTO api_subcategory VALUES(3,'Jordans','Enjoy the collaboration between Nike and the greatest Basketball player','',1);
INSERT INTO api_subcategory VALUES(4,'Sweater','Sweaters','',2);
INSERT INTO api_subcategory VALUES(5,'Women''s sport  kits','Kits for sport','',3);
CREATE TABLE IF NOT EXISTS "api_rating" ("id" integer NOT NULL PRIMARY KEY AUTOINCREMENT, "created_at" datetime NOT NULL, "updated_at" datetime NOT NULL, "stars" integer NOT NULL, "comment" text NULL, "product_id" bigint NOT NULL REFERENCES "api_product" ("id") DEFERRABLE INITIALLY DEFERRED, "user_id" integer NOT NULL REFERENCES "auth_user" ("id") DEFERRABLE INITIALLY DEFERRED);
INSERT INTO api_rating VALUES(1,'2025-04-11 13:12:19.030435','2025-04-11 13:12:19.030435',5,'Hi, my name is Raymbek, this is the first article I bought online, I can insure you that it is worth it',1,1);
INSERT INTO api_rating VALUES(2,'2025-04-11 13:12:45.052913','2025-04-11 13:12:45.052913',1,'Don''t buy it',1,1);
INSERT INTO api_rating VALUES(3,'2025-04-13 10:28:58.564798','2025-04-13 10:28:58.564798',5,'This is a top article',2,1);
INSERT INTO api_rating VALUES(4,'2025-04-13 10:32:12.936362','2025-04-13 10:32:12.936362',5,'2e essai',2,1);
INSERT INTO api_rating VALUES(5,'2025-04-13 11:05:47.893604','2025-04-13 11:05:47.893604',5,'Cette fois c''est bon',2,1);
INSERT INTO api_rating VALUES(6,'2025-04-13 19:14:42.382531','2025-04-13 19:14:42.382531',5,'JE SUIS MIGNON',2,1);
INSERT INTO api_rating VALUES(7,'2025-04-18 21:18:33.691907','2025-04-18 21:18:33.691907',5,'This is a crazy product',3,1);
CREATE TABLE IF NOT EXISTS "api_productvariantsize" ("id" integer NOT NULL PRIMARY KEY AUTOINCREMENT, "size" varchar(50) NOT NULL, "variant_id" bigint NULL REFERENCES "api_productvariant" ("id") DEFERRABLE INITIALLY DEFERRED);
INSERT INTO api_productvariantsize VALUES(1,'EU 35.5',2);
INSERT INTO api_productvariantsize VALUES(2,'EU 36.5',2);
INSERT INTO api_productvariantsize VALUES(3,'EU 37',2);
INSERT INTO api_productvariantsize VALUES(4,'EU 38',2);
INSERT INTO api_productvariantsize VALUES(5,'EU 39',2);
INSERT INTO api_productvariantsize VALUES(6,'EU 40',2);
INSERT INTO api_productvariantsize VALUES(7,'EU 35.5',1);
INSERT INTO api_productvariantsize VALUES(8,'EU 36',1);
INSERT INTO api_productvariantsize VALUES(9,'EU 37',1);
INSERT INTO api_productvariantsize VALUES(10,'EU 38',1);
INSERT INTO api_productvariantsize VALUES(11,'EU 39',1);
INSERT INTO api_productvariantsize VALUES(12,'EU 40',1);
INSERT INTO api_productvariantsize VALUES(13,'XS',3);
INSERT INTO api_productvariantsize VALUES(14,'S',3);
INSERT INTO api_productvariantsize VALUES(15,'M',3);
INSERT INTO api_productvariantsize VALUES(16,'L',3);
INSERT INTO api_productvariantsize VALUES(17,'XL',3);
INSERT INTO api_productvariantsize VALUES(18,'XXL',3);
INSERT INTO api_productvariantsize VALUES(19,'XS',6);
INSERT INTO api_productvariantsize VALUES(20,'S',6);
INSERT INTO api_productvariantsize VALUES(21,'M',6);
INSERT INTO api_productvariantsize VALUES(22,'L',6);
INSERT INTO api_productvariantsize VALUES(23,'XL',6);
INSERT INTO api_productvariantsize VALUES(24,'XXL',6);
INSERT INTO api_productvariantsize VALUES(25,'3XL',6);
INSERT INTO api_productvariantsize VALUES(26,'4XL',6);
INSERT INTO api_productvariantsize VALUES(27,'XS',4);
INSERT INTO api_productvariantsize VALUES(28,'S',4);
INSERT INTO api_productvariantsize VALUES(29,'M',4);
INSERT INTO api_productvariantsize VALUES(30,'L',4);
INSERT INTO api_productvariantsize VALUES(31,'XL',4);
INSERT INTO api_productvariantsize VALUES(32,'XXL',4);
INSERT INTO api_productvariantsize VALUES(33,'3XL',4);
INSERT INTO api_productvariantsize VALUES(34,'4XL',4);
INSERT INTO api_productvariantsize VALUES(35,'XS',5);
INSERT INTO api_productvariantsize VALUES(36,'S',5);
INSERT INTO api_productvariantsize VALUES(37,'M',5);
INSERT INTO api_productvariantsize VALUES(38,'L',5);
INSERT INTO api_productvariantsize VALUES(39,'XL',5);
INSERT INTO api_productvariantsize VALUES(40,'XXL',5);
INSERT INTO api_productvariantsize VALUES(41,'3XL',5);
INSERT INTO api_productvariantsize VALUES(42,'4XL',5);
INSERT INTO api_productvariantsize VALUES(43,'XS',7);
INSERT INTO api_productvariantsize VALUES(44,'S',7);
INSERT INTO api_productvariantsize VALUES(45,'M',7);
INSERT INTO api_productvariantsize VALUES(46,'L',7);
INSERT INTO api_productvariantsize VALUES(47,'XL',7);
INSERT INTO api_productvariantsize VALUES(48,'XS',8);
INSERT INTO api_productvariantsize VALUES(49,'S',8);
INSERT INTO api_productvariantsize VALUES(50,'M',8);
INSERT INTO api_productvariantsize VALUES(51,'L',8);
INSERT INTO api_productvariantsize VALUES(52,'XL',8);
CREATE TABLE IF NOT EXISTS "api_productimage" ("id" integer NOT NULL PRIMARY KEY AUTOINCREMENT, "color" varchar(50) NOT NULL, "mainImage" bool NOT NULL, "image" varchar(100) NOT NULL, "product_id" bigint NOT NULL REFERENCES "api_product" ("id") DEFERRABLE INITIALLY DEFERRED, "variant_id" bigint NULL REFERENCES "api_productvariant" ("id") DEFERRABLE INITIALLY DEFERRED);
INSERT INTO api_productimage VALUES(1,'brown and white',1,'products/1/brown and white/AIRJORDAN1MIDGS.png',1,2);
INSERT INTO api_productimage VALUES(2,'brown and white',0,'products/1/brown and white/jordan-maron1.jpg',1,2);
INSERT INTO api_productimage VALUES(3,'brown and white',0,'products/1/brown and white/jordan-maron2.jpg',1,2);
INSERT INTO api_productimage VALUES(4,'brown and white',0,'products/1/brown and white/jordan-maron3.jpg',1,2);
INSERT INTO api_productimage VALUES(5,'brown and white',0,'products/1/brown and white/jordan-maron4.jpg',1,2);
INSERT INTO api_productimage VALUES(7,'blue and white',1,'products/1/blue and white/AIRJORDAN1MIDGS.png',1,1);
INSERT INTO api_productimage VALUES(8,'blue and white',0,'products/1/blue and white/AIRJORDAN1MID_blue2.png',1,1);
INSERT INTO api_productimage VALUES(9,'blue and white',0,'products/1/blue and white/AIRJORDAN1MID_blue3.png',1,1);
INSERT INTO api_productimage VALUES(10,'blue and white',0,'products/1/blue and white/AIRJORDAN1MID_blue4.png',1,1);
INSERT INTO api_productimage VALUES(11,'blue and white',0,'products/1/blue and white/AIRJORDAN1MIDGS5.png',1,1);
INSERT INTO api_productimage VALUES(12,'Sky blue',1,'products/2/Sky blue/MNKSOLOSWFLCHOODIEGPX.png',2,3);
INSERT INTO api_productimage VALUES(13,'Sky blue',0,'products/2/Sky blue/MNKSOLOSWFLCHOODIEGPX_2.png',2,3);
INSERT INTO api_productimage VALUES(14,'Sky blue',0,'products/2/Sky blue/MNKSOLOSWFLCHOODIEGPX_3.png',2,3);
INSERT INTO api_productimage VALUES(15,'Sky blue',0,'products/2/Sky blue/MNKSOLOSWFLCHOODIEGPX_4.png',2,3);
INSERT INTO api_productimage VALUES(16,'Sky blue',0,'products/2/Sky blue/MNKSOLOSWFLCHOODIEGPX_5.png',2,3);
INSERT INTO api_productimage VALUES(17,'gray',1,'products/2/gray/MNKSOLOSWSHFLCPOHOODIE_gray_1.jpeg',2,6);
INSERT INTO api_productimage VALUES(18,'gray',0,'products/2/gray/MNKSOLOSWSHFLCPOHOODIE_gray_2.jpeg',2,6);
INSERT INTO api_productimage VALUES(19,'gray',0,'products/2/gray/MNKSOLOSWSHFLCPOHOODIE_gray_3.jpeg',2,6);
INSERT INTO api_productimage VALUES(20,'gray',0,'products/2/gray/MNKSOLOSWSHFLCPOHOODIE_gray_4.jpeg',2,6);
INSERT INTO api_productimage VALUES(21,'gray',0,'products/2/gray/MNKSOLOSWSHFLCPOHOODIE_gray_5.jpeg',2,6);
INSERT INTO api_productimage VALUES(22,'Yellow',1,'products/2/Yellow/MNKSOLOSWSHFLCPOHOODIE_yellow1.png',2,4);
INSERT INTO api_productimage VALUES(23,'yellow',0,'products/2/yellow/MNKSOLOSWSHFLCPOHOODIE_yellow2.png',2,4);
INSERT INTO api_productimage VALUES(24,'yellow',0,'products/2/yellow/MNKSOLOSWSHFLCPOHOODIE_yellow3.png',2,4);
INSERT INTO api_productimage VALUES(25,'yellow',0,'products/2/yellow/MNKSOLOSWSHFLCPOHOODIE_yellow4.png',2,4);
INSERT INTO api_productimage VALUES(26,'yellow',0,'products/2/yellow/MNKSOLOSWSHFLCPOHOODIE_yellow5.png',2,4);
INSERT INTO api_productimage VALUES(27,'black',1,'products/2/black/MNKSOLOSWSHFLCPOHOODIE_black1.png',2,5);
INSERT INTO api_productimage VALUES(28,'black',0,'products/2/black/MNKSOLOSWSHFLCPOHOODIEblack_2.jpeg',2,5);
INSERT INTO api_productimage VALUES(29,'black',0,'products/2/black/MNKSOLOSWSHFLCPOHOODIEblack_3.jpeg',2,5);
INSERT INTO api_productimage VALUES(30,'black',0,'products/2/black/MNKSOLOSWSHFLCPOHOODIE_black4.png',2,5);
INSERT INTO api_productimage VALUES(31,'black',0,'products/2/black/MNKSOLOSWSHFLCPOHOODIE_black5.png',2,5);
INSERT INTO api_productimage VALUES(32,'pink',1,'products/3/pink/WNKSWIFTDFMR2N1SHRT_pink_1.png',3,7);
INSERT INTO api_productimage VALUES(33,'pink',0,'products/3/pink/WNKSWIFTDFMR2N1SHRT_pink_2.png',3,7);
INSERT INTO api_productimage VALUES(34,'pink',0,'products/3/pink/WNKSWIFTDFMR2N1SHRT_pink_3.png',3,7);
INSERT INTO api_productimage VALUES(35,'pink',0,'products/3/pink/WNKSWIFTDFMR2N1SHRT_pink_4.png',3,7);
INSERT INTO api_productimage VALUES(36,'pink',0,'products/3/pink/WNKSWIFTDFMR2N1SHRT_pink_5.png',3,7);
INSERT INTO api_productimage VALUES(37,'beige',1,'products/3/beige/WNKSWIFTDFMR2N1SHRT_beige_1.png',3,8);
INSERT INTO api_productimage VALUES(38,'beige',0,'products/3/beige/WNKSWIFTDFMR2N1SHRT_beige_2.png',3,8);
INSERT INTO api_productimage VALUES(39,'beige',0,'products/3/beige/WNKSWIFTDFMR2N1SHRT_beige_3.png',3,8);
INSERT INTO api_productimage VALUES(40,'beige',0,'products/3/beige/WNKSWIFTDFMR2N1SHRT_beige_4.png',3,8);
INSERT INTO api_productimage VALUES(41,'beige',0,'products/3/beige/WNKSWIFTDFMR2N1SHRT_beige_5.png',3,8);
CREATE TABLE IF NOT EXISTS "django_content_type" ("id" integer NOT NULL PRIMARY KEY AUTOINCREMENT, "app_label" varchar(100) NOT NULL, "model" varchar(100) NOT NULL);
INSERT INTO django_content_type VALUES(1,'admin','logentry');
INSERT INTO django_content_type VALUES(2,'auth','permission');
INSERT INTO django_content_type VALUES(3,'auth','group');
INSERT INTO django_content_type VALUES(4,'auth','user');
INSERT INTO django_content_type VALUES(5,'contenttypes','contenttype');
INSERT INTO django_content_type VALUES(6,'sessions','session');
INSERT INTO django_content_type VALUES(7,'api','category');
INSERT INTO django_content_type VALUES(8,'api','product');
INSERT INTO django_content_type VALUES(9,'api','productvariant');
INSERT INTO django_content_type VALUES(10,'api','subcategory');
INSERT INTO django_content_type VALUES(11,'api','rating');
INSERT INTO django_content_type VALUES(12,'api','productvariantsize');
INSERT INTO django_content_type VALUES(13,'api','productimage');
INSERT INTO django_content_type VALUES(14,'authtoken','token');
INSERT INTO django_content_type VALUES(15,'authtoken','tokenproxy');
INSERT INTO django_content_type VALUES(16,'api','wishlist');
INSERT INTO django_content_type VALUES(17,'api','cart');
CREATE TABLE IF NOT EXISTS "auth_permission" ("id" integer NOT NULL PRIMARY KEY AUTOINCREMENT, "content_type_id" integer NOT NULL REFERENCES "django_content_type" ("id") DEFERRABLE INITIALLY DEFERRED, "codename" varchar(100) NOT NULL, "name" varchar(255) NOT NULL);
INSERT INTO auth_permission VALUES(1,1,'add_logentry','Can add log entry');
INSERT INTO auth_permission VALUES(2,1,'change_logentry','Can change log entry');
INSERT INTO auth_permission VALUES(3,1,'delete_logentry','Can delete log entry');
INSERT INTO auth_permission VALUES(4,1,'view_logentry','Can view log entry');
INSERT INTO auth_permission VALUES(5,2,'add_permission','Can add permission');
INSERT INTO auth_permission VALUES(6,2,'change_permission','Can change permission');
INSERT INTO auth_permission VALUES(7,2,'delete_permission','Can delete permission');
INSERT INTO auth_permission VALUES(8,2,'view_permission','Can view permission');
INSERT INTO auth_permission VALUES(9,3,'add_group','Can add group');
INSERT INTO auth_permission VALUES(10,3,'change_group','Can change group');
INSERT INTO auth_permission VALUES(11,3,'delete_group','Can delete group');
INSERT INTO auth_permission VALUES(12,3,'view_group','Can view group');
INSERT INTO auth_permission VALUES(13,4,'add_user','Can add user');
INSERT INTO auth_permission VALUES(14,4,'change_user','Can change user');
INSERT INTO auth_permission VALUES(15,4,'delete_user','Can delete user');
INSERT INTO auth_permission VALUES(16,4,'view_user','Can view user');
INSERT INTO auth_permission VALUES(17,5,'add_contenttype','Can add content type');
INSERT INTO auth_permission VALUES(18,5,'change_contenttype','Can change content type');
INSERT INTO auth_permission VALUES(19,5,'delete_contenttype','Can delete content type');
INSERT INTO auth_permission VALUES(20,5,'view_contenttype','Can view content type');
INSERT INTO auth_permission VALUES(21,6,'add_session','Can add session');
INSERT INTO auth_permission VALUES(22,6,'change_session','Can change session');
INSERT INTO auth_permission VALUES(23,6,'delete_session','Can delete session');
INSERT INTO auth_permission VALUES(24,6,'view_session','Can view session');
INSERT INTO auth_permission VALUES(25,7,'add_category','Can add category');
INSERT INTO auth_permission VALUES(26,7,'change_category','Can change category');
INSERT INTO auth_permission VALUES(27,7,'delete_category','Can delete category');
INSERT INTO auth_permission VALUES(28,7,'view_category','Can view category');
INSERT INTO auth_permission VALUES(29,8,'add_product','Can add product');
INSERT INTO auth_permission VALUES(30,8,'change_product','Can change product');
INSERT INTO auth_permission VALUES(31,8,'delete_product','Can delete product');
INSERT INTO auth_permission VALUES(32,8,'view_product','Can view product');
INSERT INTO auth_permission VALUES(33,9,'add_productvariant','Can add product variant');
INSERT INTO auth_permission VALUES(34,9,'change_productvariant','Can change product variant');
INSERT INTO auth_permission VALUES(35,9,'delete_productvariant','Can delete product variant');
INSERT INTO auth_permission VALUES(36,9,'view_productvariant','Can view product variant');
INSERT INTO auth_permission VALUES(37,10,'add_subcategory','Can add sub category');
INSERT INTO auth_permission VALUES(38,10,'change_subcategory','Can change sub category');
INSERT INTO auth_permission VALUES(39,10,'delete_subcategory','Can delete sub category');
INSERT INTO auth_permission VALUES(40,10,'view_subcategory','Can view sub category');
INSERT INTO auth_permission VALUES(41,11,'add_rating','Can add rating');
INSERT INTO auth_permission VALUES(42,11,'change_rating','Can change rating');
INSERT INTO auth_permission VALUES(43,11,'delete_rating','Can delete rating');
INSERT INTO auth_permission VALUES(44,11,'view_rating','Can view rating');
INSERT INTO auth_permission VALUES(45,12,'add_productvariantsize','Can add product variant size');
INSERT INTO auth_permission VALUES(46,12,'change_productvariantsize','Can change product variant size');
INSERT INTO auth_permission VALUES(47,12,'delete_productvariantsize','Can delete product variant size');
INSERT INTO auth_permission VALUES(48,12,'view_productvariantsize','Can view product variant size');
INSERT INTO auth_permission VALUES(49,13,'add_productimage','Can add product image');
INSERT INTO auth_permission VALUES(50,13,'change_productimage','Can change product image');
INSERT INTO auth_permission VALUES(51,13,'delete_productimage','Can delete product image');
INSERT INTO auth_permission VALUES(52,13,'view_productimage','Can view product image');
INSERT INTO auth_permission VALUES(53,14,'add_token','Can add Token');
INSERT INTO auth_permission VALUES(54,14,'change_token','Can change Token');
INSERT INTO auth_permission VALUES(55,14,'delete_token','Can delete Token');
INSERT INTO auth_permission VALUES(56,14,'view_token','Can view Token');
INSERT INTO auth_permission VALUES(57,15,'add_tokenproxy','Can add token');
INSERT INTO auth_permission VALUES(58,15,'change_tokenproxy','Can change token');
INSERT INTO auth_permission VALUES(59,15,'delete_tokenproxy','Can delete token');
INSERT INTO auth_permission VALUES(60,15,'view_tokenproxy','Can view token');
INSERT INTO auth_permission VALUES(61,16,'add_wishlist','Can add wishlist');
INSERT INTO auth_permission VALUES(62,16,'change_wishlist','Can change wishlist');
INSERT INTO auth_permission VALUES(63,16,'delete_wishlist','Can delete wishlist');
INSERT INTO auth_permission VALUES(64,16,'view_wishlist','Can view wishlist');
INSERT INTO auth_permission VALUES(65,17,'add_cart','Can add cart');
INSERT INTO auth_permission VALUES(66,17,'change_cart','Can change cart');
INSERT INTO auth_permission VALUES(67,17,'delete_cart','Can delete cart');
INSERT INTO auth_permission VALUES(68,17,'view_cart','Can view cart');
CREATE TABLE IF NOT EXISTS "auth_group" ("id" integer NOT NULL PRIMARY KEY AUTOINCREMENT, "name" varchar(150) NOT NULL UNIQUE);
CREATE TABLE IF NOT EXISTS "auth_user" ("id" integer NOT NULL PRIMARY KEY AUTOINCREMENT, "password" varchar(128) NOT NULL, "last_login" datetime NULL, "is_superuser" bool NOT NULL, "username" varchar(150) NOT NULL UNIQUE, "last_name" varchar(150) NOT NULL, "email" varchar(254) NOT NULL, "is_staff" bool NOT NULL, "is_active" bool NOT NULL, "date_joined" datetime NOT NULL, "first_name" varchar(150) NOT NULL);
INSERT INTO auth_user VALUES(1,'pbkdf2_sha256$1000000$ozmLROsNMFyllGRSWkKYOW$95Z+AynK/o6mXnw530DGIqjse5wKYoOwGKMvPEeAUhk=','2025-04-26 12:01:22',1,'admin','Le boss','cabrelprowo@icloud.com',1,1,'2025-04-08 10:19:44','Francel');
INSERT INTO auth_user VALUES(3,'pbkdf2_sha256$1000000$C9fcVc6XHP8nJggJi4OevD$NyBdBeJoa+MBlUTvJUiacQveNAhbdFPjRBzNp2flVHM=','2025-05-11 17:33:30.260526',1,'root','','cabrelfrancel0@gmail.com',1,1,'2025-05-11 17:33:11.028455','');
CREATE TABLE IF NOT EXISTS "django_session" ("session_key" varchar(40) NOT NULL PRIMARY KEY, "session_data" text NOT NULL, "expire_date" datetime NOT NULL);
INSERT INTO django_session VALUES('n4ul1v3a69xe3nk0zazejgk4q26pmf3d','.eJxVjEEOwiAQRe_C2hAonQFcuvcMZOhMpWpoUtqV8e7apAvd_vfef6lE21rS1mRJE6uzsur0u2UaHlJ3wHeqt1kPc12XKetd0Qdt-jqzPC-H-3dQqJVvjREgionBB7DoQuxsREYEB73xPgo5kUzouTMcxg5w9ANBH5xF9k7U-wOcgTaF:1u263y:Q69DvSqmulnBkv7lwkXBsAJAE2Hfcnr-bP0OIyWGkPY','2025-04-22 10:20:14.356487');
INSERT INTO django_session VALUES('0z5bpdjc1pcvkdlm7iovpk22uhezjmum','.eJxVjMEOwiAQBf-FsyEsBQoevfcbyLKAVA0kpT0Z_92Q9KDXNzPvzTwee_FHT5tfI7uyiV1-t4D0THWA-MB6b5xa3bc18KHwk3a-tJhet9P9OyjYy6gFARlHYLVUJqNQLuOkcxbC4ExiDgowOE1gIFubpNIkMsRgpXHORfb5At5wN6U:1uEAYM:VkEQZRvNdOtv3hG29Kw71gH-U85pqbyZOy9celpaRDg','2025-05-25 17:33:30.285328');
CREATE TABLE IF NOT EXISTS "authtoken_token" ("key" varchar(40) NOT NULL PRIMARY KEY, "created" datetime NOT NULL, "user_id" integer NOT NULL UNIQUE REFERENCES "auth_user" ("id") DEFERRABLE INITIALLY DEFERRED);
INSERT INTO authtoken_token VALUES('2fc375e3dc110faf5913738fbc0c0e035012631f','2025-04-10 18:46:39.258362',1);
INSERT INTO authtoken_token VALUES('faabd1d8621f5d6c35835fad6e0d7a6343c2401a','2025-05-11 17:37:18.597133',3);
CREATE TABLE IF NOT EXISTS "api_wishlist" ("id" integer NOT NULL PRIMARY KEY AUTOINCREMENT, "created_at" datetime NOT NULL, "updated_at" datetime NOT NULL, "product_id" bigint NOT NULL REFERENCES "api_product" ("id") DEFERRABLE INITIALLY DEFERRED, "user_id" integer NOT NULL REFERENCES "auth_user" ("id") DEFERRABLE INITIALLY DEFERRED);
CREATE TABLE IF NOT EXISTS "api_cart" ("id" integer NOT NULL PRIMARY KEY AUTOINCREMENT, "quantity" integer NOT NULL, "created_at" datetime NOT NULL, "updated_at" datetime NOT NULL, "user_id" integer NOT NULL REFERENCES "auth_user" ("id") DEFERRABLE INITIALLY DEFERRED, "variant_id" bigint NOT NULL REFERENCES "api_productvariant" ("id") DEFERRABLE INITIALLY DEFERRED, "size_id" bigint NULL REFERENCES "api_productvariantsize" ("id") DEFERRABLE INITIALLY DEFERRED);
INSERT INTO api_cart VALUES(37,2,'2025-04-29 10:09:11.499102','2025-05-11 17:20:49.020530',1,4,32);
INSERT INTO sqlite_sequence VALUES('django_migrations',26);
INSERT INTO sqlite_sequence VALUES('django_admin_log',52);
INSERT INTO sqlite_sequence VALUES('django_content_type',17);
INSERT INTO sqlite_sequence VALUES('auth_permission',68);
INSERT INTO sqlite_sequence VALUES('auth_group',0);
INSERT INTO sqlite_sequence VALUES('auth_user',3);
INSERT INTO sqlite_sequence VALUES('api_category',3);
INSERT INTO sqlite_sequence VALUES('api_subcategory',5);
INSERT INTO sqlite_sequence VALUES('api_product',3);
INSERT INTO sqlite_sequence VALUES('api_productvariant',8);
INSERT INTO sqlite_sequence VALUES('api_productimage',41);
INSERT INTO sqlite_sequence VALUES('api_productvariantsize',52);
INSERT INTO sqlite_sequence VALUES('api_rating',7);
INSERT INTO sqlite_sequence VALUES('api_cart',38);
INSERT INTO sqlite_sequence VALUES('auth_user_user_permissions',68);
CREATE UNIQUE INDEX "auth_group_permissions_group_id_permission_id_0cd325b0_uniq" ON "auth_group_permissions" ("group_id", "permission_id");
CREATE INDEX "auth_group_permissions_group_id_b120cbf9" ON "auth_group_permissions" ("group_id");
CREATE INDEX "auth_group_permissions_permission_id_84c5c92e" ON "auth_group_permissions" ("permission_id");
CREATE UNIQUE INDEX "auth_user_groups_user_id_group_id_94350c0c_uniq" ON "auth_user_groups" ("user_id", "group_id");
CREATE INDEX "auth_user_groups_user_id_6a12ed8b" ON "auth_user_groups" ("user_id");
CREATE INDEX "auth_user_groups_group_id_97559544" ON "auth_user_groups" ("group_id");
CREATE UNIQUE INDEX "auth_user_user_permissions_user_id_permission_id_14a6b632_uniq" ON "auth_user_user_permissions" ("user_id", "permission_id");
CREATE INDEX "auth_user_user_permissions_user_id_a95ead1b" ON "auth_user_user_permissions" ("user_id");
CREATE INDEX "auth_user_user_permissions_permission_id_1fbb5f2c" ON "auth_user_user_permissions" ("permission_id");
CREATE INDEX "django_admin_log_content_type_id_c4bce8eb" ON "django_admin_log" ("content_type_id");
CREATE INDEX "django_admin_log_user_id_c564eba6" ON "django_admin_log" ("user_id");
CREATE INDEX "api_product_category_id_a2b9d1e7" ON "api_product" ("category_id");
CREATE INDEX "api_productvariant_product_id_bd663ca3" ON "api_productvariant" ("product_id");
CREATE INDEX "api_subcategory_category_id_eaedebf6" ON "api_subcategory" ("category_id");
CREATE INDEX "api_rating_product_id_e1232f19" ON "api_rating" ("product_id");
CREATE INDEX "api_rating_user_id_3968cfe8" ON "api_rating" ("user_id");
CREATE INDEX "api_productvariantsize_variant_id_0a49df42" ON "api_productvariantsize" ("variant_id");
CREATE INDEX "api_productimage_product_id_5020b937" ON "api_productimage" ("product_id");
CREATE INDEX "api_productimage_variant_id_aaa33023" ON "api_productimage" ("variant_id");
CREATE INDEX "api_product_subCategory_id_c2cab6db" ON "api_product" ("subCategory_id");
CREATE UNIQUE INDEX "django_content_type_app_label_model_76bd3d3b_uniq" ON "django_content_type" ("app_label", "model");
CREATE UNIQUE INDEX "auth_permission_content_type_id_codename_01ab375a_uniq" ON "auth_permission" ("content_type_id", "codename");
CREATE INDEX "auth_permission_content_type_id_2f476e4b" ON "auth_permission" ("content_type_id");
CREATE INDEX "django_session_expire_date_a5c62663" ON "django_session" ("expire_date");
CREATE INDEX "api_wishlist_product_id_14d3d351" ON "api_wishlist" ("product_id");
CREATE INDEX "api_wishlist_user_id_798e25cf" ON "api_wishlist" ("user_id");
CREATE INDEX "api_cart_user_id_79972181" ON "api_cart" ("user_id");
CREATE INDEX "api_cart_variant_id_956bd3ff" ON "api_cart" ("variant_id");
CREATE UNIQUE INDEX "api_cart_user_id_variant_id_size_id_9a66c3b9_uniq" ON "api_cart" ("user_id", "variant_id", "size_id");
CREATE INDEX "api_cart_size_id_6212758e" ON "api_cart" ("size_id");
COMMIT;
